cycle,stability,aeonic_integrity,shell_charge,boundary_fit,pulse_lock,id_continuity,light,dark,truth,min_shell,med_shell,high_shell,noise,pressure,resonance,rupture
1,0.5665,0.49127,0.6266,0.47474,0.67392,0.99926,0.24894,0,0.24894,0.37963,0.51986,0.43901,0.04,1.0,0.55,True
2,0.57451,0.49931,0.61369,0.4732,0.75473,0.99906,0.27673,0,0.27673,0.40992,0.52902,0.44462,0.04,1.0,0.55,True
3,0.56861,0.4899,0.60053,0.47488,0.78097,0.99977,0.26112,0,0.26112,0.406,0.51746,0.43562,0.04,1.0,0.55,True
4,0.55686,0.47435,0.58696,0.48849,0.8659,0.99937,0.21652,0,0.21652,0.39868,0.49163,0.42012,0.04,1.0,0.55,True
5,0.55098,0.46533,0.57322,0.49608,0.93368,0.99954,0.19508,0,0.19508,0.40027,0.47698,0.41086,0.04,1.0,0.55,True
6,0.55177,0.46435,0.55957,0.49509,0.98886,0.99992,0.20125,0,0.20125,0.41354,0.47564,0.40865,0.04,1.0,0.55,True
7,0.56591,0.47837,0.54662,0.48071,0.98515,0.99985,0.26186,0,0.26186,0.44458,0.50058,0.4217,0.04,1.0,0.55,True
8,0.56885,0.47791,0.5339,0.47454,0.93089,0.99897,0.28462,0,0.28462,0.44653,0.50726,0.42398,0.04,1.0,0.55,True
