cycle,stability,aeonic_integrity,shell_charge,boundary_fit,pulse_lock,id_continuity,light,dark,truth,min_shell,med_shell,high_shell,noise,pressure,resonance,rupture
1,0.56688,0.49175,0.62668,0.47457,0.6743,0.99925,0.2502,0,0.2502,0.38039,0.52048,0.43943,0.0375,1.0,0.55,True
2,0.5746,0.49943,0.61377,0.47316,0.75476,0.99906,0.27699,0,0.27699,0.41007,0.52917,0.44472,0.04,1.0,0.55,True
3,0.56905,0.49038,0.60057,0.47448,0.77893,0.99979,0.26285,0,0.26285,0.40653,0.51831,0.43612,0.0425,1.0,0.55,True
4,0.55657,0.47398,0.58686,0.4886,0.86559,0.99937,0.21558,0,0.21558,0.39811,0.49115,0.41979,0.045,1.0,0.55,True
5,0.54966,0.46368,0.57288,0.49715,0.93435,0.99952,0.19031,0,0.19031,0.39788,0.47457,0.4094,0.0475,1.0,0.55,True
6,0.5495,0.46146,0.55888,0.49704,0.98968,0.9999,0.193,0,0.193,0.40937,0.47146,0.40614,0.05,1.0,0.55,True
7,0.56547,0.47756,0.54561,0.48112,0.98433,0.99987,0.26067,0,0.26067,0.44384,0.49969,0.4211,0.0525,1.0,0.55,True
8,0.56721,0.47569,0.53245,0.47559,0.93237,0.99889,0.2794,0,0.2794,0.44402,0.50427,0.42202,0.055,1.0,0.55,True
